id,timestamp,source,company,headline,article_text
N101,2026-09-15T08:30:00Z,Synthetic Financial News Wire,Tata Motors,Tata Motors faces supply chain disruption amid regional conflict,Tata Motors announced potential production halts at several assembly plants due to escalated geopolitical tensions disrupting semiconductor freight corridors.
N102,2026-09-16T10:15:00Z,Market Synthetic Dispatch,HDFC Bank,HDFC Bank posts record quarterly net profit growth,HDFC Bank reported a strong 18 percent year-on-year increase in quarterly net profit driven by robust retail loan expansions and declining gross non-performing assets.
N103,2026-09-17T11:45:00Z,Synthetic Financial News Wire,Reliance Industries,Regulatory probe initiated over alleged refining tariff irregularities,Securities regulators have requested audit documentation from Reliance Industries regarding pipeline transmission tariff calculations and environmental compliance disclosures.
N104,2026-09-18T14:20:00Z,Financial Press Release,Infosys,Infosys launches next-generation enterprise AI orchestration suite,Infosys announced the global release of its Topaz Cognitive Platform aimed at automating corporate workflows and accelerating generative enterprise integrations.
N105,2026-09-19T09:00:00Z,Market Synthetic Dispatch,Adani Enterprises,Credit rating downgraded to negative outlook on high leverage,Rating agencies placed long-term debt instruments of Adani Enterprises on negative credit watch citing heightened refinancing costs and tight liquidity buffers.
N106,2026-09-20T13:10:00Z,Synthetic Financial News Wire,ICICI Bank,Central Bank unexpectedly raises benchmark repo rate by 50 basis points,The Reserve Bank tightened benchmark policy rates by half a percentage point to curb accelerating core inflation pressures across lending markets.
N107,2026-09-21T15:30:00Z,Market Synthetic Dispatch,Tata Steel,Tata Steel announces merger discussions with regional infrastructure supplier,"Tata Steel has entered non-binding exploratory talks to acquire a 60 percent equity stake in an infrastructure steel specialist to fortify domestic supply chains."
N108,2026-09-22T08:45:00Z,Synthetic Financial News Wire,Tesla,Major cross-border sanctions disrupt battery component logistics,"Sanctions targeting mineral processing hubs have constrained battery pack shipments, leading to warnings of margin contraction across auto manufacturers."
N109,2026-09-23T12:00:00Z,Financial Press Release,Apple,Apple reports record iPhone demand across emerging markets,"Apple announced robust quarterly operational revenue, beating consensus Wall Street estimates behind accelerated smartphone market penetration in India and Southeast Asia."
N110,2026-09-24T16:40:00Z,Synthetic Financial News Wire,HDFC Bank,HDFC Bank issues multi-currency green bond tranche,"HDFC Bank successfully priced 750 million dollars in sustainable green bonds to fund certified renewable energy infrastructure and eco-friendly housing projects."
N111,2026-09-25T11:20:00Z,Market Synthetic Dispatch,Reliance Industries,Crude oil volatility and maritime blockades pressure refining spreads,"Geopolitical tensions in key shipping straits triggered an eight percent spike in benchmark crude oil futures, squeezing downstream petrochemical margins."
N112,2026-09-26T14:05:00Z,Synthetic Financial News Wire,Infosys,Infosys settles dispute with client consortium out of court,"Infosys resolved a pending contract valuation dispute regarding custom cloud implementation milestones with an agreed non-material settlement fee."
